split,k,MAPE_mean,MAPE_p10,MAPE_p90,rule
test(B2),0,27.539807496213196,,,항상 보정
test(B2),3,9.547729968100644,7.657280501990179,14.321266369160291,항상 보정
test(B2),5,8.765715843166547,7.561699061924071,10.107095696441544,항상 보정
test(B2),10,8.205308725828743,7.148740817388739,9.285112955907955,항상 보정
test(B3),0,12.04914886997068,,,항상 보정
test(B3),3,14.544008195108686,12.085673484279914,18.149281188299998,항상 보정
test(B3),5,13.64674284428471,11.773123372001537,17.14769953585388,항상 보정
test(B3),10,12.866830474786243,11.07580242414612,14.505875967944887,항상 보정
test(B2),3,9.534143393041681,7.657280501990179,14.321266369160291,편향 10% 이상일 때만 보정
test(B2),5,8.765715843166547,7.561699061924071,10.107095696441544,편향 10% 이상일 때만 보정
test(B2),10,8.205308725828743,7.148740817388739,9.285112955907955,편향 10% 이상일 때만 보정
test(B3),3,13.98531048317301,11.640999948346261,18.149281188299998,편향 10% 이상일 때만 보정
test(B3),5,13.039505945143262,11.445657787497947,17.14769953585388,편향 10% 이상일 때만 보정
test(B3),10,12.267256695262336,10.79929008681143,13.569271966802834,편향 10% 이상일 때만 보정
