cell_id,batch,policy,cycle_life,n_cycles,qd_last,label_missing,censored,paper_excluded,newstructure,qd_2,qd_max_minus_2,qd_100_minus_2,qd_slope_2_100,ir_2,ir_min,tavg_mean,tmax_max,chargetime_first5,C1,Q1,C2,avgC_0_80,log_dq_var,log_abs_dq_min,log_abs_dq_mean,dq_at_2V,dq_skew,dq_kurt,usable
b1c0,b1,3.6C(80%)-3.6C,1190.0,1189,1.0262098,False,True,False,False,1.0706892,0.00639320000000021,0.005223400000000211,1.7264315398891214e-05,0.016742354,0.016443744,31.603747328822767,35.994705,13.34144166666665,3.6,80.0,3.6,3.6,-5.014861042960788,-2.0726479673332374,-2.5416016114732507,0.0007679306774941441,-0.5320584720505735,-1.3483118916844856,False
b1c1,b1,3.6C(80%)-3.6C,1179.0,1178,1.0382246,False,True,False,False,1.0753012,0.009288300000000138,0.005328500000000069,5.535292516999699e-06,0.017038831,0.016764179,31.33031430692745,34.712265,13.426056666666652,3.6,80.0,3.6,3.6,-5.013959617162855,-1.9584566567173611,-2.3872569666191845,-0.001194151876612759,-0.42937490319280447,-1.0291160019202559,False
b1c2,b1,3.6C(80%)-3.6C,1177.0,1176,1.0432786,False,True,False,False,1.0799223,0.008131200000000005,0.005018100000000025,1.0295625231906745e-05,0.01686798,0.016613184,31.47958411321121,35.127342,13.34142166666667,3.6,80.0,3.6,3.6,-4.7369997419805365,-1.7640578612436268,-2.3480696498547133,-0.0008093136697813197,-1.0801942790076269,0.3486368188757707,False
b1c3,b1,4C(80%)-4C,1226.0,1225,0.97092122,False,True,False,False,1.0797229,0.006530099999999983,0.005026900000000056,1.7136347557209165e-05,0.016369704,0.016098134,29.942198807956427,31.691414,12.008374999999978,4.0,80.0,4.0,4.0,-4.442613359277012,-1.7221493032207573,-2.1275066415532153,-0.0017590182433318002,-0.43905046294046796,-1.0954158488747703,False
b1c4,b1,4C(80%)-4C,1227.0,1226,1.0219597,False,True,False,False,1.0784167,0.005899899999999958,0.004229000000000038,1.8994317872609844e-05,0.016787428,0.016368635,31.44888383416564,35.651741,12.008310000000014,4.0,80.0,4.0,4.0,-4.647743660307859,-1.8551769586673086,-2.2403315418634135,-0.0009167735272217481,-0.36254812672859027,-1.3338305761630271,False
b1c5,b1,4.4C(80%)-4.4C,1074.0,1073,0.88053626,False,False,False,False,1.0761266,0.005943800000000055,0.0036528000000000116,1.1228400742114224e-05,0.016437579,0.015922785,30.92149771366389,34.654667,11.001371666666698,4.4,80.0,4.4,4.4,-4.178877963304522,-1.5989653349280424,-1.9556988935537072,-0.003880525468443974,-0.14935014821964707,-1.2275265201493237,True
b1c6,b1,4.8C(80%)-4.8C,636.0,635,0.8800565,False,False,False,False,1.0758358,0.006303200000000064,0.003406800000000043,-4.808646876938924e-06,0.017001977,0.016541764,32.27384521945563,36.496124,10.092771666666643,4.8,80.0,4.8,4.8,-3.7688779002277237,-1.4215207944138115,-1.7968295470103903,-0.004688861494140495,-0.4079358496201864,-1.2380700944581653,True
b1c7,b1,4.8C(80%)-4.8C,870.0,869,0.88110596,False,False,False,False,1.0938644,0.004104200000000002,0.0018981000000000137,-6.42818800247794e-06,0.016311171,0.016083084,31.990084509217034,36.053928,10.008109999999942,4.8,80.0,4.8,4.8,-3.8134860773269867,-1.4175572328154407,-1.7786972259287557,-0.0073198034361492414,-0.3334166199580947,-1.1205359041283274,True
b1c8,b1,5.4C(40%)-3.6C,879.0,878,0.96902454,False,True,False,False,1.0899748,0.005939099999999975,0.004161099999999918,5.429254174400251e-06,0.016807221,0.016538974,32.076506270161325,35.160984,11.208558333333349,5.4,40.0,3.6,4.32,-4.001194608771134,-1.5113406916007717,-1.8921469626097882,-0.004128521389708428,-0.3291141610056174,-1.2025759412667458,False
b1c9,b1,5.4C(40%)-3.6C,1054.0,1053,0.8809284,False,False,False,False,1.0829742,0.005975700000000028,0.004656999999999911,1.8204385899806905e-05,0.016978227,0.016611163,32.64153361126789,36.799232,11.207968333333337,5.4,40.0,3.6,4.32,-4.059383677769545,-1.5417478896827503,-1.9389020163552184,-0.0032513178017785638,-0.4275910282835675,-1.1821708568020552,True
b1c10,b1,5.4C(50%)-3C,906.0,905,0.96101874,False,True,False,False,1.0752757,0.009695600000000137,0.006364800000000059,2.529188002473426e-05,0.016592897,0.016397769,33.208150668462316,37.614693,11.734921666666681,5.4,50.0,3.0,4.153846153846154,-4.022573146487059,-1.5687499406150505,-1.9719166736637102,-0.0004893832579242474,-0.5100716201179799,-1.287456654410416,False
b1c11,b1,5.4C(50%)-3C,788.0,787,0.88054359,False,False,False,False,1.0537786,0.009460400000000035,0.006193300000000068,2.1809402597400947e-05,0.016575078,0.015962802,32.75932260623101,37.128967,11.652274999999948,5.4,50.0,3.0,4.153846153846154,-4.146896530502188,-1.6254072026301174,-2.0768490121048195,0.0005818342431713752,-0.594847886540066,-1.2055554665073671,True
b1c12,b1,5.4C(50%)-3.6C,902.0,901,0.91311944,False,True,False,False,1.077566,0.005827599999999933,0.004347099999999937,1.2573115646260144e-05,0.016551878,0.016234221,33.4580219141428,38.354816,10.652861666666649,5.4,50.0,3.6,4.5473684210526315,-4.125190648988873,-1.5616337844354662,-1.9493125824452946,-0.0035739940896142297,-0.3310516845551267,-1.1273533938321176,False
b1c13,b1,5.4C(50%)-3.6C,897.0,896,0.92313582,False,True,False,False,1.0797893,0.005983599999999978,0.0038567999999998825,4.458676561536227e-06,0.017159661,0.016706679,32.09216634315908,35.892479,10.735718333333292,5.4,50.0,3.6,4.5473684210526315,-4.048006457642694,-1.535554044568695,-1.8811160477456401,-0.004947012092980652,-0.1352374982708179,-1.254935025626669,False
b1c14,b1,5.4C(60%)-3C,880.0,879,0.8800649,False,False,False,False,1.0709661,0.006877699999999987,0.005235500000000171,2.6234124922698223e-05,0.017121186,0.016649306,33.07746279993842,37.818813,10.763291666666676,5.4,60.0,3.0,4.499999999999999,-4.046069839990279,-1.548306330889822,-1.9227695561901268,-0.0025379028630776457,-0.28245263733712334,-1.3132871189250315,True
b1c15,b1,5.4C(60%)-3C,719.0,718,0.88298881,False,False,False,False,1.0611236,0.008215100000000142,0.006626100000000079,2.904936054421284e-05,0.017168047,0.016542939,33.147720104395674,38.47617,10.769081666666656,5.4,60.0,3.0,4.499999999999999,-4.017949103167607,-1.538433127534962,-1.9580908387510947,-0.0009448339527269312,-0.48199855067822983,-1.2504559854100663,True
b1c16,b1,5.4C(60%)-3.6C,862.0,861,0.88096577,False,False,False,False,1.0811664,0.007425499999999863,0.005154199999999998,2.3160274582555584e-05,0.01683085,0.016328048,32.41716254671688,37.566532,10.096490000000024,5.4,60.0,3.6,4.8,-4.099413675443745,-1.5589858999371669,-1.9064450291690773,-0.004475491111722851,-0.12294982972227221,-1.2280984019903853,True
b1c17,b1,5.4C(60%)-3.6C,857.0,856,0.8832469,False,False,False,False,1.072052,0.007173799999999897,0.004924300000000104,1.7886231292523448e-05,0.016778639,0.016238289,32.088753858534446,37.208405,10.180106666666628,5.4,60.0,3.6,4.8,-3.970159451162403,-1.5076871632965057,-1.8747427462631594,-0.003769687040458658,-0.25598794617561316,-1.2907022981003802,True
b1c18,b1,5.4C(70%)-3C,691.0,690,0.88114411,False,False,False,False,1.0661705,0.003975300000000015,-0.0016430999999998974,-4.765686951144414e-05,0.019886132,0.015845969,31.831057275618022,36.084282,9.958261666666688,5.4,70.0,3.0,4.909090909090909,-3.650080545153841,-1.3552344300601988,-1.6839795813178122,-0.008717841863585152,-0.05207889132502615,-1.346528286080605,True
b1c19,b1,5.4C(70%)-3C,788.0,787,0.88093972,False,False,False,False,1.0851147,0.004190699999999881,0.0019703999999998167,-1.0355845392700724e-05,0.016449727,0.016205151,33.044085397077396,37.49086,9.957923333333323,5.4,70.0,3.0,4.909090909090909,-3.6199068274368353,-1.3382564529624872,-1.6966683856046991,-0.007128244580230314,-0.27342366301306625,-1.2754147788119157,True
b1c20,b1,5.4C(80%)-5.4C,534.0,533,0.88078493,False,False,False,False,1.07263,0.003094200000000047,-0.011382199999999898,-0.00013977618181817777,0.015740737,0.015036267,32.15292201754506,35.504932,8.989326666666663,5.4,80.0,5.4,5.4,-3.367237410245857,-1.1966765604379692,-1.4841793472842268,-0.021207678239683947,0.24167276572580945,-1.0727210228955257,True
b1c21,b1,5.4C(80%)-5.4C,559.0,558,0.88016534,False,False,False,False,1.0824388,0.0034874000000000294,-0.005709699999999929,-8.178444155844591e-05,0.015348774,0.014894895,33.13697371135653,37.615559,8.980751666666643,5.4,80.0,5.4,5.4,-3.3503380515995875,-1.1889597281466224,-1.5134621706870839,-0.016681425655579618,-0.09016665223320512,-1.1430823300485553,True
b1c22,b1,6C(30%)-3.6C,891.0,890,0.96327895,False,True,False,False,1.0793039,0.005003300000000044,0.002750199999999925,-6.75583426098541e-06,0.016732994,0.016250946,32.84391283877385,37.758316,11.430919999999999,6.0,30.0,3.6,4.235294117647059,-3.9521686731427805,-1.4928576042710344,-1.8321992628874486,-0.005620540183434608,-0.1352071128147155,-1.2783515190706518,False
b1c23,b1,6C(30%)-3.6C,1014.0,1013,0.88066453,False,False,False,False,1.0792934,0.004492999999999858,0.0023974999999998303,-6.950910327772603e-06,0.016937815,0.016472535,31.99077454717494,36.165897,11.430390000000019,6.0,30.0,3.6,4.235294117647059,-4.0407936433278895,-1.523552178470511,-1.8748239696078786,-0.005262941158213463,-0.1431744036563785,-1.230605855119714,True
b1c24,b1,6C(40%)-3C,1017.0,1016,0.88046598,False,False,False,False,1.0745355,0.004539499999999919,0.0030958999999999293,2.024258503403737e-06,0.016687831,0.016390581,33.378063951824195,37.596226,12.177883333333314,6.0,40.0,3.0,4.0,-3.938662523656534,-1.4969978330235068,-1.8578137419551943,-0.004206889755083543,-0.3388631077441727,-1.2741881895082756,True
b1c25,b1,6C(40%)-3C,854.0,853,0.88019997,False,False,False,False,1.0752345,0.004678599999999866,0.0028093000000000146,5.12931354361571e-07,0.016699277,0.016397864,33.848557073949294,38.670872,12.09737499999998,6.0,40.0,3.0,4.0,-4.027888820540259,-1.5310448923727904,-1.906361465057932,-0.0036279930043812136,-0.35793477555398934,-1.2413942729375076,True
b1c26,b1,6C(40%)-3.6C,870.0,869,0.88105017,False,False,False,False,1.0876514,0.003894800000000087,0.0017199000000001075,-1.521046134818085e-05,0.016376387,0.016129743,33.15641406115227,37.077717,10.76500499999999,6.0,40.0,3.6,4.5,-3.7952199967853435,-1.4161841994934083,-1.748357956667111,-0.007151987312159047,-0.1170681641170412,-1.276669950462869,True
b1c27,b1,6C(40%)-3.6C,842.0,841,0.88130057,False,False,False,False,1.0790461,0.003953399999999885,0.0019765000000000477,-1.0758799010519626e-05,0.016174601,0.015953196,33.89497000372245,38.178074,10.763831666666677,6.0,40.0,3.6,4.5,-3.8537032000559392,-1.4457275004165389,-1.8092709739934298,-0.005440517874463424,-0.28951852229645747,-1.2368251713034264,True
b1c28,b1,6C(50%)-3C,860.0,859,0.88058227,False,False,False,False,1.0777475,0.003846999999999934,0.0019471999999998157,-7.726680272115018e-06,0.016742077,0.016467512,33.773800525042,38.303513,11.09720500000003,6.0,50.0,3.0,4.363636363636363,-3.844711807496199,-1.4292997115162875,-1.7773323505829581,-0.006957486714214145,-0.14263301031252337,-1.2384823669741578,True
b1c29,b1,6C(50%)-3C,917.0,916,0.88035375,False,False,False,False,1.0794537,0.004349200000000053,0.0023569999999999425,-5.212719851575346e-06,0.016626336,0.016308507,32.70415601771739,36.258759,11.179503333333317,6.0,50.0,3.0,4.363636363636363,-3.8382817049630766,-1.4333451217343054,-1.7798782181139183,-0.0065265997775638684,-0.13762996295439467,-1.2785185818791822,True
b1c30,b1,6C(50%)-3.6C,709.0,708,0.88054287,False,False,False,False,1.0798637,0.003954500000000083,0.0015437000000000367,-1.6368218923929572e-05,0.016072329,0.015838005,33.54008830692456,37.483994,10.097159999999985,6.0,50.0,3.6,4.8,-3.744699217898308,-1.3891761023084515,-1.7515577975481582,-0.006137661525569271,-0.2851914235819744,-1.226991642155516,True
b1c31,b1,6C(50%)-3.6C,876.0,875,0.88099223,False,False,False,False,1.0946392,0.003694199999999981,0.0007101999999998831,-2.62010822510796e-05,0.016952254,0.016684072,30.375396745150564,31.658901,10.097186666666676,6.0,50.0,3.6,4.8,-3.777732624088043,-1.4036425857817216,-1.745123636189018,-0.007872560304815757,-0.11073292820710423,-1.2421226847427718,True
b1c32,b1,6C(60%)-3C,731.0,730,0.88080907,False,False,False,False,1.0778366,0.003820099999999993,0.001543800000000095,-1.2776272108848686e-05,0.016239462,0.015933495,33.08050304573434,37.14436,10.096391666666689,6.0,60.0,3.0,4.8,-3.6464634970703615,-1.3413563753175848,-1.6833949610457555,-0.008212425903406428,-0.15565603118726648,-1.279446720438148,True
b1c33,b1,6C(60%)-3C,757.0,756,0.88011229,False,False,False,False,1.0924908,0.004335399999999989,0.0012749000000000787,-2.1812165739027016e-05,0.016591828,0.016214989,33.67169761442224,38.728722,10.179520000000018,6.0,60.0,3.0,4.8,-3.6670575975866413,-1.3477364305988748,-1.6645106205937217,-0.01051554186767234,0.0648321072722398,-1.232742808603498,True
b1c34,b1,7C(30%)-3.6C,742.0,741,0.88205445,False,False,False,False,1.0766174,0.004865000000000119,0.0028013000000000066,-3.129647495333547e-07,0.0169825,0.016567618,32.66455167507311,37.240925,11.084356666666645,7.0,30.0,3.6,4.401746724890829,-3.848616157008837,-1.429245314396692,-1.7937042480714813,-0.005515265812322756,-0.15090116468663053,-1.179900135451435,True
b1c35,b1,7C(30%)-3.6C,703.0,702,0.8802399,False,False,False,False,1.0707464,0.00507919999999995,0.0032472000000001167,3.195320964752807e-06,0.017059039,0.016647711,32.09733437854189,36.075569,11.084075,7.0,30.0,3.6,4.401746724890829,-3.7726058155960294,-1.4072456671301197,-1.7393719825298462,-0.00718795171106712,-0.09448727078656756,-1.2999242276573166,True
b1c36,b1,7C(40%)-3C,704.0,703,0.88231802,False,False,False,False,1.0778315,0.004527799999999971,0.0024096000000000117,-7.183043908475764e-06,0.016480684,0.016229769,32.04688205693082,34.868446,11.524753333333319,7.0,40.0,3.0,4.2,-3.6695013425959444,-1.350456749794432,-1.6769057422922822,-0.009246866634258222,-0.024120388445710475,-1.2877295595088154,True
b1c37,b1,7C(40%)-3C,648.0,647,0.88336319,False,False,False,False,1.0748194,0.004472400000000043,0.0019871000000000194,-9.680958565245865e-06,0.016607935,0.016318144,32.95969887229894,36.993626,11.607248333333336,7.0,40.0,3.0,4.2,-3.673938893314921,-1.351203133303817,-1.711374683657366,-0.006756777279800286,-0.23647587048054408,-1.263773212726177,True
b1c38,b1,7C(40%)-3.6C,617.0,616,0.88110942,False,False,False,False,1.0729513,0.003646500000000108,0.002024100000000084,-9.43712430427038e-06,0.016260354,0.016066672,33.69474656343401,37.995705,10.275475000000005,7.0,40.0,3.6,4.754716981132075,-3.4330481735466756,-1.2486008121232726,-1.5724458334798015,-0.01211406041493035,-0.06381042216810001,-1.348347928163257,True
b1c39,b1,7C(40%)-3.6C,625.0,624,0.88011074,False,False,False,False,1.0817773,0.004689399999999955,0.0029856000000001437,-3.294477427340171e-06,0.016743599,0.016519627,33.50643317156701,38.024876,10.274928333333325,7.0,40.0,3.6,4.754716981132075,-3.5045337204530713,-1.274546135729866,-1.6118980612133418,-0.009724308754854638,-0.15250233320646503,-1.277189897493372,True
b1c40,b1,8C(15%)-3.6C,966.0,965,0.88060951,False,False,False,False,1.0833029,0.004503299999999877,0.0024324000000000012,-8.20486332715938e-06,0.016756468,0.016480761,33.45968416375564,38.388569,12.054661666666712,8.0,15.0,3.6,4.013937282229966,-4.0552127051547355,-1.5361710582591273,-1.898637644662452,-0.00516481256458623,-0.248504664034311,-1.2414941194014197,True
b1c41,b1,8C(15%)-3.6C,1051.0,1050,0.88106161,False,False,False,False,1.0789614,0.0049074999999998425,0.0032071999999998546,-1.3855287570256206e-07,0.016856873,0.016552322,33.07332253245542,37.576675,12.054396666666678,8.0,15.0,3.6,4.013937282229966,-4.071513969179501,-1.5450592803081846,-1.908031828701738,-0.004392037514383773,-0.23135631340210777,-1.2429492659603925,True
b1c42,b1,8C(25%)-3.6C,702.0,701,0.88035142,False,False,False,False,1.0798725,0.004959500000000006,0.0034095999999999016,2.113598021033933e-06,0.0167679,0.016511114,33.58506724391689,38.397423,11.13793666666667,8.0,25.0,3.6,4.347169811320755,-3.6658557852690015,-1.3495987713904598,-1.6861494296026898,-0.00820783249791357,-0.10769408431100091,-1.3162418798566862,True
b1c43,b1,8C(25%)-3.6C,651.0,650,0.88044435,False,False,False,False,1.0682389,0.003432099999999938,0.0005969999999999587,-2.401481014224145e-05,0.016111452,0.015904058,33.339782658681436,37.725166,11.13773666666663,8.0,25.0,3.6,4.347169811320755,-3.667779071634814,-1.3506077894518453,-1.7174769733320125,-0.006383537337831369,-0.23725353594012455,-1.3026127286464535,True
b1c44,b1,8C(35%)-3.6C,616.0,615,0.88048309,False,False,False,False,1.0847682,0.0035623999999998546,-5.8000000000113516e-05,-3.3615460729745583e-05,0.017436398,0.017142953,32.55333216968653,36.804283,10.304085000000002,8.0,35.0,3.6,4.7407407407407405,-3.42070000480644,-1.2306443031102845,-1.5327013687973048,-0.015959880874377497,0.13907984932279424,-1.2892846015980652,True
b1c45,b1,8C(35%)-3.6C,599.0,598,0.88104212,False,False,False,False,1.0839558,0.004482499999999945,0.0018719000000000374,-1.2920053184917479e-05,0.016685704,0.016382927,33.0005473910965,37.855122,10.221496666666644,8.0,35.0,3.6,4.7407407407407405,-3.425292235698853,-1.2261878935345303,-1.5396120308081556,-0.015948906425883314,0.11519776583282061,-1.2803924011639622,True
b2c0,b2,5.2C(58%)-4C,477.0,496,0.82661337,False,False,False,False,1.1020051,0.008113500000000107,0.003267799999999932,1.3737568336431474e-05,0.017402707,0.017083954,31.808470926230026,36.404427,10.173655000000144,5.2,57.99999999999999,4.0,4.803695150115473,-3.4872647963011447,-1.2591537148635152,-1.5883634583250168,-0.012335648905909657,-0.03143225125003588,-1.2425693276988774,True
b2c1,b2,5.6C(26%)-4.5C,491.0,513,0.82848173,False,False,False,False,1.1057826,0.003575800000000129,-0.004240400000000033,-3.290422139764397e-05,0.01817438,0.017313389,33.60099815475848,37.4468,10.176771666666658,5.6,26.0,4.5,4.8068669527897,-3.2980513654760366,-1.179701833116379,-1.4486109095152395,-0.023612685077918805,0.31749677338171994,-1.1591037362491994,True
b2c2,b2,5.2C(50%)-4.25C,424.0,439,0.82700932,False,False,False,False,1.0753863,0.00516020000000017,-0.0025500999999998886,-1.0459920841068239e-05,0.016669566,0.016255558,33.17566129490617,38.33985803206289,10.174855000000147,5.2,50.0,4.25,4.797829036635006,-3.4602483651128177,-1.2780425690871609,-1.6018275076276434,-0.009258740617011263,-0.15525372627721698,-1.4037552179038566,True
b2c3,b2,4.65C(44%)-5C,499.0,517,0.82550967,False,False,False,False,1.0959566,0.012060699999999924,0.004372700000000007,7.592857884971752e-05,0.016083341,0.015764765,33.93805810095692,39.422000644443116,10.173285000000032,4.65,44.0,5.0,4.80123902942695,-3.496242996974693,-1.2528333571271697,-1.6970225942577863,-0.003983834008399745,-0.6865232340714083,-0.8132615623395769,True
b2c4,b2,4.65C(69%)-6C,444.0,464,0.82712674,False,False,False,False,1.0899745,0.0008767999999998999,-0.008614400000000133,-6.742782807669012e-05,0.017068394,0.01593901,33.04820861652687,38.209395652763355,10.22127166666663,4.65,69.0,6.0,4.798452112221864,-3.232506812226559,-1.1530619303379335,-1.4586479903803162,-0.01898099761084282,-0.010537387163738128,-1.302352236052851,True
b2c5,b2,3.6C(30%)-6C,416.0,445,0.8261537,False,False,False,False,1.0989141,0.00013759999999995998,-0.02290649999999994,-0.00019876907235622204,0.016014345,0.015142022,33.01307013030371,38.388368590154755,10.17838833333323,3.6,30.0,6.0,4.800000000000001,-3.085881724279185,-1.064744574647862,-1.3326833846685622,-0.03473197527164462,0.36217456510011103,-1.0375622697150646,True
b2c6,b2,3.6C(9%)-5C,393.0,409,0.82940364,False,False,False,False,1.0885617,0.01149509999999987,0.002035299999999962,6.24381335807018e-05,0.016595399,0.015897563,33.81904518975318,40.4669448483313,10.179236666666595,3.6,9.0,5.0,4.790419161676646,-3.53003968650195,-1.3021390444128946,-1.6814193180700996,-0.005146168144642749,-0.4209131664445039,-1.215271021638698,True
b2c7,b2,4.8C(80%)-4.8C-newstructure,777.0,806,0.8264814,False,False,False,True,1.0904776,0.015110199999999852,0.006792399999999921,5.346993939393214e-05,0.014809063,0.014716571,33.769687089746824,37.918381,10.036841666666684,4.8,80.0,4.8,4.8,-4.231670089905405,-1.6627808166712075,-2.0543788066377497,-0.0006375545040795405,-0.3734551470125933,-1.32663775372589,True
b2c8,b2,5.2C(58%)-4C-newstructure,904.0,947,0.8255862,False,False,False,True,1.0906329,0.003211000000000075,0.00030090000000004835,-2.3225972789117728e-05,0.016484642,0.016342103,33.59868374090274,36.451335340457405,10.039886666666765,5.2,57.99999999999999,4.0,4.803695150115473,-4.10242248030074,-1.5553134390398822,-1.95064955398815,-0.004421422281843057,-0.44542550654474183,-0.9510309415303921,True
b2c9,b2,5.6C(26%)-4.5C-newstructure,791.0,819,0.82610458,False,False,False,True,1.0949715,0.004990999999999968,0.00257710000000011,-3.178960420532104e-05,0.015408114,0.015197206,32.3508526526095,35.00847845562602,10.040636666666735,5.6,26.0,4.5,4.8068669527897,-4.344425682662564,-1.7043416016868917,-2.1280209594315034,-0.004558039402478231,-0.05218956896191863,-0.7640813420594514,True
b2c10,b2,4.8C(80%)-4.8C,492.0,519,0.82791102,False,False,False,False,1.1092782,0.0077312999999998855,0.00701509999999983,4.9132816326534375e-05,0.017335583,0.016884135,31.720791269063756,35.078796,10.171468333333177,4.8,80.0,4.8,4.8,-3.4509001132975605,-1.2533467340698548,-1.5298792877493281,-0.017084299176737927,0.2632053178216748,-1.2438031735572381,True
b2c11,b2,5.2C(50%)-4.25C,449.0,468,0.82524824,False,False,False,False,1.0959171,0.013548699999999858,0.012777099999999875,0.00010785000742114927,0.017361749,0.016784718,33.146477466034135,39.423817,10.173445000000113,5.2,50.0,4.25,4.797829036635006,-3.485393220979881,-1.2604374969231171,-1.6195602082172011,-0.008811878744787283,-0.22207913813040983,-1.2401569257962997,True
b2c12,b2,4.65C(44%)-5C,466.0,493,0.82528538,False,False,False,False,1.1016457,0.006732100000000019,0.0049399999999999444,3.124443661100505e-05,0.017251369,0.016159201,31.314676947956993,35.747711,10.174281666666745,4.65,44.0,5.0,4.80123902942695,-3.1679683681509765,-1.1116450065224746,-1.4045303186533276,-0.023577179716696595,0.11788308293031867,-1.2407739291824726,True
b2c13,b2,4.65C(69%)-6C,460.0,483,0.82574999,False,False,False,False,1.0954365,0.0021364000000001493,-0.0002936999999998413,-1.1445944341368896e-05,0.016970724,0.015610993,31.946988973926523,36.19238897679291,10.208034999999898,4.65,69.0,6.0,4.798452112221864,-3.3444477218838284,-1.1892669979927646,-1.4676275844325557,-0.023000532051923317,0.33478226600870953,-1.0960042358526472,True
b2c14,b2,3.6C(30%)-6C,426.0,461,0.82618046,False,False,False,False,1.0844886,0.0004899999999998794,-0.006854300000000091,-0.00010165705627706068,0.017186515,0.015952863,32.123877001585356,36.56760277779107,10.208949999999943,3.6,30.0,6.0,4.800000000000001,-3.118519966248836,-1.0771996484774,-1.3510961000875592,-0.03116248655665599,0.28882818927984955,-1.088554073671169,True
b2c15,b2,3.6C(9%)-5C,396.0,414,0.82608759,False,False,False,False,1.0697494,0.009623699999999902,0.007325099999999862,9.20414260977118e-05,0.017212247,0.016145013,32.862747677246595,36.649116879455384,10.174436666666589,3.6,9.0,5.0,4.790419161676646,-3.516251926776714,-1.292986448721867,-1.6173475081476094,-0.010081866912772908,-0.07187702874207749,-1.3932940071665985,True
b2c16,b2,4.8C(80%)-4.8C,472.0,499,0.82648873,False,False,False,False,1.0945363,0.007131600000000127,-0.0004667999999998784,-1.5038863327153774e-05,0.017776627,0.017414019,32.7673986704417,37.601054318286856,10.172426666666675,4.8,80.0,4.8,4.8,-3.494880991874622,-1.2736447676142502,-1.5809591747346379,-0.013458990963202577,0.0721588040127522,-1.2968598191572234,True
b2c17,b2,5.6C(26%)-4.5C,471.0,494,0.8272146,False,False,False,False,1.0917177,0.018217600000000056,0.002719799999999939,3.904175881262204e-05,0.017503092,0.016950201,32.988612809790894,35.36969,10.175564999999915,5.6,26.0,4.5,4.8068669527897,-3.5003441284740386,-1.2793248413972615,-1.6135663103829572,-0.00967454822586089,-0.17158376385561117,-1.2841547971218785,True
b2c18,b2,5.2C(50%)-4.25C,449.0,467,0.82719898,False,False,False,False,1.0756292,0.01278990000000002,0.010213400000000039,0.00011339298701298683,0.01680507,0.016488669,32.88627829858526,36.964727535985794,10.175171666666817,5.2,50.0,4.25,4.797829036635006,-3.707302736176298,-1.4007101874245018,-1.7788234211823972,-0.002207446058846596,-0.2735793475634992,-1.4464132518406023,True
b2c19,b2,6C(60%)-3C,392.0,411,0.82597393,False,False,False,False,1.0902406,0.010140499999999886,0.0028185999999998934,2.1983457019166268e-05,0.016772689,0.016542695,32.770067410122046,37.29125540144077,10.175338333333396,6.0,60.0,3.0,4.8,-3.291958004542694,-1.182753687174254,-1.4646019681519966,-0.019825349970739925,0.15621289942240868,-1.2820390748353814,True
b2c20,b2,5.2C(58%)-4C,489.0,506,0.82856864,False,False,False,False,1.0977259,0.006970300000000096,0.0061388,2.8384829931970537e-05,0.016656091,0.016160993,33.61911118506716,37.85651,10.172825000000012,5.2,57.99999999999999,4.0,4.803695150115473,-3.4413054314104006,-1.218215280679908,-1.6119851781057282,-0.008964167723910954,-0.43940326490688314,-0.9586720317032249,True
b2c21,b2,6C(60%)-3C,408.0,426,0.82783753,False,False,False,False,1.0985936,0.008365100000000014,0.0014510999999999274,3.1588326530614494e-05,0.017283741,0.017071372,33.60118814118363,39.554886,10.174479999999797,6.0,60.0,3.0,4.8,-3.326679075199306,-1.1906586183672832,-1.4777050875924806,-0.020442194040871886,0.1957899103658372,-1.2511446686010266,True
b2c22,b2,VarCharge-2C-100cycles,,920,1.0556005,True,True,False,False,1.0913191,0.00622900000000004,-0.0073848999999999165,-3.197205689548945e-05,0.021770682,0.021770682,34.50224371401082,38.540268,24.21592166666669,,,,,-4.641168700608011,-2.1688235186022014,-2.581894964077542,-0.005922414251501085,1.4915331286909208,2.293464772997882,False
b2c23,b2,VarCharge-4C-100cycles,,1152,0.97824305,True,True,False,False,1.0904602,0.002482799999999896,-0.015132400000000157,-0.00011087646629560803,0.021160889,0.021160889,34.147927604894626,35.864387697699925,12.205238333333304,,,,,-4.356254277157163,-1.7163016076292579,-1.935910555108663,-0.014214465561359857,0.9748163491140444,-0.6079218864710589,False
b2c24,b2,4.8C(80%)-4.8C,514.0,536,0.82615805,False,False,False,False,1.0923017,0.009624700000000042,0.009624700000000042,4.325509709338842e-05,0.016653664,0.016424084,33.206377241160645,39.222355,10.170328333333357,4.8,80.0,4.8,4.8,-3.6408852680750527,-1.3397990424498685,-1.6426087464102113,-0.011520777305539687,0.14739211152443563,-1.2469400096581622,True
b2c25,b2,5.2C(58%)-4C,493.0,511,0.82751423,False,False,False,False,1.098838,0.008213400000000037,0.007532199999999989,3.860060482374841e-05,0.016827697,0.016576298,32.23848796399698,35.15638,10.173305000000012,5.2,57.99999999999999,4.0,4.803695150115473,-3.5344779300217333,-1.2966358308501311,-1.6268859417094,-0.009855140094273018,-0.06298627046564016,-1.353864585947482,True
b2c26,b2,5.6C(26%)-4.5C,450.0,476,0.82529837,False,False,False,False,1.1043522,0.0028544000000001457,0.002183200000000163,-1.2231956709952081e-05,0.018412031,0.017513856,33.75843376995604,38.98082610957073,10.17821166666666,5.6,26.0,4.5,4.8068669527897,-3.2220536077932804,-1.1348440130946638,-1.4197761416757684,-0.02482210856318945,0.23025820257688398,-1.1877113317866146,True
b2c27,b2,5.2C(50%)-4.25C,474.0,493,0.8266983,False,False,False,False,1.0925682,0.01260059999999985,0.010578899999999836,8.322792949907285e-05,0.017678261,0.017410973,33.30411096115286,39.292397,10.174388333333143,5.2,50.0,4.25,4.797829036635006,-3.48620363289781,-1.2636731692411862,-1.607585732519096,-0.009382843950540343,-0.1392020535609637,-1.355317803457872,True
b2c28,b2,4.8C(80%)-4.8C,437.0,456,0.82741743,False,False,False,False,1.0904486,0.009223800000000004,0.009143300000000076,5.7402129870125894e-05,0.016827082,0.016122971,32.143914131113334,35.97005389341205,10.17418333333335,4.8,80.0,4.8,4.8,-3.4234111691232063,-1.2480177638242413,-1.5530074571887018,-0.013616920925579201,0.04582470830959972,-1.3911812962111172,True
b2c29,b2,5.2C(58%)-4C,452.0,470,0.82541627,False,False,False,False,1.1032062,0.014966599999999941,0.012774400000000075,0.00012008288806431068,0.016795976,0.016617509,31.797490897448796,35.143738,10.17302166666656,5.2,57.99999999999999,4.0,4.803695150115473,-3.5082481790944344,-1.2787375057821846,-1.596498010104519,-0.011824407818188387,0.019297258658327862,-1.3423381972318758,True
b2c30,b2,5.6C(26%)-4.5C,412.0,429,0.82665932,False,False,False,False,1.0946374,0.003826499999999955,-0.0020923999999999943,-8.503881385281154e-05,0.017830005,0.01667887,33.81182141567536,38.2883066025032,10.253060000000065,5.6,26.0,4.5,4.8068669527897,-3.1854095592748743,-1.121920556930394,-1.4016923043601905,-0.026528776131546694,0.25115045619331733,-1.2012566680423968,True
b2c31,b2,5.6C(26%)-4.5C,425.0,446,0.82528561,False,False,False,False,1.0990092,0.004161300000000034,0.0016135999999999928,3.9791858998146125e-05,0.016888967,0.015888851,33.3758501254003,37.238895,10.17718833333347,5.6,26.0,4.5,4.8068669527897,-3.35235883148731,-1.1922699648528527,-1.5139316063489128,-0.01793636626264572,0.059274288659576846,-1.1694734897447132,True
b2c32,b2,4.8C(80%)-4.8C-newstructure,809.0,834,0.82744044,False,False,False,True,1.0881557,0.005788700000000091,-0.0007219999999998894,-5.5682572665427346e-05,0.014826416,0.014739397,32.16894887045923,34.753593,10.042119999999947,4.8,80.0,4.8,4.8,-4.131466155166347,-1.5612803858741024,-1.8732213744423425,-0.008745242104810202,0.2077958230636324,-0.9720788247962684,True
b2c33,b2,5.2C(58%)-4C-newstructure,1140.0,1190,0.82506907,False,False,False,True,1.0732747,0.0014279999999999848,-0.004597399999999974,-8.390043413728835e-05,0.015095364,0.014933125,32.74157143407892,35.019115,10.039223333333211,5.2,57.99999999999999,4.0,4.803695150115473,-4.23162831933775,-1.6182579991073993,-1.9363086549208746,-0.009515360775324444,0.2859204463820355,-0.9761491385628043,True
b2c34,b2,5.6C(26%)-4.5C-newstructure,1186.0,1252,0.82562441,False,False,False,True,1.0671737,0.001733100000000043,-0.0027188999999998575,-5.456295732837848e-05,0.015062638,0.014872484,35.66789148456313,39.697674,10.03998166666667,5.6,26.0,4.5,4.8068669527897,-4.448585173324752,-1.7179911430787784,-2.0904410516318497,-0.005429099317528996,-0.1522681413461272,-0.8874031140532548,True
b2c35,b2,VarCharge-6C-100cycles,,423,0.88112044,True,False,False,False,1.0689886,0.000327200000000083,-0.03934709999999986,-0.00040485391094619445,0.020666521,0.020666521,36.507257940976096,39.534397,8.064089999999851,,,,,-3.2189089608610653,-1.1208558880462387,-1.3485160909717584,-0.039738506579372945,0.8605022691936516,-0.5313767455427962,False
b2c36,b2,VarCharge-8C-100cycles,,280,0.88107425,True,False,False,False,1.0722352,0.0,-0.06879329999999984,-0.0007504249264069268,0.02033557,0.02033557,38.56623803155033,42.888380722662205,6.490253333333627,,,,,-2.6849178093471577,-0.8663789128629468,-1.073509561799638,-0.08343749766641573,0.9417487046526303,-0.48835200486959307,False
b2c37,b2,3.6C(80%)-3.6C(SLOWCYCLE,,101,2.1693008,True,True,False,False,1.0834186,0.002584900000000001,0.001455800000000007,-6.733110698781797e-07,0.017308667,0.016990282,32.93003403034187,39.1016536555162,13.503904999999941,3.6,80.0,3.6,3.6,-4.770610886629153,-1.5423944542431918,-2.5254855716863376,-0.0007371698251987802,-4.130955826449804,19.413044618270085,False
b2c38,b2,4.8C(80%)-4.8C(SLOWCYCLE,,101,2.1653843,True,True,False,False,1.0843664,0.0024343000000000004,-0.0020500999999999436,-5.1860896722325756e-05,0.016904857,0.016356453,33.16550806710767,400.0,10.168743333333502,4.8,80.0,4.8,4.8,-4.215350254359975,-1.4418974000558347,-1.8811333776042225,-0.00801593136079326,0.18618957278349804,-0.2935917634613383,False
b2c39,b2,3.6C(9%)-5C(SLOWCYCLE,,434,0.88120419,True,False,False,False,1.072063,0.0021538000000000945,-0.0036545999999999523,-6.981370686456833e-05,0.017224574,0.016586451,32.886249589388996,38.63601253667498,10.175388333333347,3.6,9.0,5.0,4.790419161676646,-3.3625834932774885,-1.2150134798998358,-1.4615139928600716,-0.02463128950857807,0.4842911236886437,-1.070220353064066,False
b2c40,b2,5.2C(58%)-4C(SLOWCYCLE,,459,0.88021344,True,False,False,False,1.0839667,0.0035511999999999766,0.0014184000000001529,-1.5608755720474105e-05,,,32.46931392128253,37.46236706873202,10.173111666666712,5.2,57.99999999999999,4.0,4.803695150115473,-3.5995672762895525,-1.3172845737722512,-1.593871643700676,-0.015909368000031288,0.35976817066242267,-1.095577429132729,False
b2c41,b2,5.6C(26%)-4.5C,442.0,463,0.82606894,False,False,False,False,1.1049188,0.005106599999999961,0.00383319999999987,2.3998204081631683e-05,,,30.193787010451164,34.98487001858617,10.17818833333343,5.6,26.0,4.5,4.8068669527897,-3.1723658101769976,-1.0918848290836711,-1.422872660678739,-0.0215223674358469,-0.043987116584063346,-1.1480576715129345,True
b2c42,b2,5.2C(50%)-4.25C,474.0,497,0.82577723,False,False,False,False,1.1024443,0.011393200000000103,0.010915500000000078,8.583347433519058e-05,,,31.709620029469267,36.76044310987061,10.175013333333482,5.2,50.0,4.25,4.797829036635006,-3.482587648007536,-1.2662602060364871,-1.5325293081889177,-0.018151928313114407,0.3517314597002688,-1.169809186335519,True
b2c43,b2,4.8C(80%)-4.8C-newstructure,1029.0,1061,0.82532436,False,False,False,True,1.0974334,0.004615400000000047,-0.0008110999999999535,-7.295969944341106e-05,,,33.92914533704784,38.4212899272313,10.03631333333348,4.8,80.0,4.8,4.8,-4.271781928623568,-1.7174947542893648,-2.109112610982823,-0.00706288862364568,0.373640812197773,-0.7838825610102407,True
b2c44,b2,5.2C(58%)-4C-newstructure,841.0,874,0.82503617,False,False,False,True,1.09659,0.002728300000000017,0.000905099999999992,-2.446207668521927e-05,,,33.95995836968299,37.579971,10.040436666666695,5.2,57.99999999999999,4.0,4.803695150115473,-4.36452348032534,-1.6924552378239504,-2.057963526824461,-0.003950238399387018,-0.23159993031314247,-1.1068729682387883,True
b2c45,b2,5.6C(26%)-4.5C-newstructure,997.0,1027,0.82734823,False,False,False,True,1.1030351,0.0020833999999998465,-0.003489400000000087,-5.887828695114059e-05,,,35.271412144027664,38.42024558425599,10.040249999999894,5.6,26.0,4.5,4.8068669527897,-4.175214949171005,-1.5739701648315778,-1.9524266320362493,-0.0055728728508448455,-0.33011588341643866,-0.9304722417408064,True
b2c46,b2,4.8C(80%)-4.8C,503.0,523,0.82638663,False,False,False,False,1.100943,0.006137899999999918,-0.0010977000000000903,1.9638269635131457e-05,,,29.88150861827619,31.867259462197975,10.169698333333509,4.8,80.0,4.8,4.8,-3.5088751328187002,-1.2768530822548958,-1.6414123234468558,-0.011255181211448972,-0.13392314074865616,-1.2034359823824063,True
b3c0,b3,5C(67%)-4C-newstructure,1009.0,1008,0.8804329,False,False,False,True,1.0674551,0.003916099999999867,0.001999299999999815,-5.346195423626031e-06,0.015398955,0.015180224,32.194853230782606,33.974361,10.042381666666673,5.0,67.0,4.0,4.804804804804805,-4.245114870317645,-1.6324268476284225,-1.9955850095689884,-0.0037678092154551646,-0.1951216211931868,-1.1718837880266886,True
b3c1,b3,5.3C(54%)-4C-newstructure,1063.0,1062,0.8802734,False,False,False,True,1.0650603,0.003679599999999894,0.001417400000000013,-1.4719340754480143e-05,0.015162034,0.014931546,34.83231929224147,38.707848,10.040883333333234,5.3,54.0,4.0,4.7936687394007915,-4.28554271039912,-1.6512245320053403,-2.0167789308763884,-0.003753382222941637,-0.28636954360516614,-1.1239942266253167,True
b3c2,b3,5.6C(19%)-4.6C-newstructure,1267.0,1266,0.88013124,False,False,True,True,1.060818,0.0023956999999998896,-0.00020449999999994084,-2.039117996289508e-05,0.01489381,0.014437579,36.79033178065713,41.645876083931206,10.04448999999998,5.6,19.0,4.6,4.803729603729602,-4.77938058992098,-2.063082393578989,-2.582836934003479,-0.002551418514403103,1.2545433007788656,1.9709436009412444,False
b3c3,b3,5.6C(36%)-4.3C-newstructure,1115.0,1114,0.88058406,False,False,False,True,1.0628892,0.0026450000000000085,0.0007053999999999672,-1.2654854669141905e-05,0.015006617,0.014885032,36.08374244976545,40.076626,10.042306666666748,5.6,36.0,4.3,4.8015952143569285,-4.116607770381197,-1.5712722684801177,-1.970396518690482,-0.00371943305776834,-0.47954959221945204,-1.0204009571273693,True
b3c4,b3,5.6C(19%)-4.6C-newstructure,1048.0,1047,0.88001466,False,False,False,True,1.0724765,0.0027884999999998605,0.0013821000000000527,-5.233104514546137e-06,0.015246842,0.015085269,32.11715379681872,33.39357830787951,10.045296666666642,5.6,19.0,4.6,4.803729603729602,-4.178465673149821,-1.6053684086049191,-1.9954018465879846,-0.0030556561903645196,-0.43585945307399604,-1.1081174288351332,True
b3c5,b3,5.6C(36%)-4.3C-newstructure,828.0,827,0.88066918,False,False,False,True,1.0514506,0.0026052000000000852,0.00040090000000003734,-1.602090043289774e-05,0.015374157,0.015130546,35.56013985266867,40.19554382518285,10.042009999999815,5.6,36.0,4.3,4.8015952143569285,-4.114423974726586,-1.594395867927963,-1.9413551584939963,-0.0035167268485765124,-0.1629821002500826,-1.2847293776559763,True
b3c6,b3,3.7C(31%)-5.9C-newstructure,667.0,666,0.88052577,False,False,False,True,1.0626124,0.00045920000000010397,-0.01883239999999997,-0.0002023977884972222,0.013527169,0.013527169,34.1072055276095,37.461433,10.062440000000061,3.7,31.0,5.9,4.795167490389896,-3.5257081929454923,-1.2740749260804134,-1.5448876192797236,-0.022159909907229602,0.4831586308451879,-0.8670783975112881,True
b3c7,b3,4.8C(80%)-4.8C-newstructure,1836.0,1835,0.88036358,False,False,False,True,1.0675218,0.003397199999999989,0.0009525000000001338,-2.3574483611610727e-06,0.015535541,0.015372629,32.79694473003086,34.60008198094648,11.037688333333305,4.8,80.0,4.8,4.8,-4.488742187967907,-1.768045874915885,-2.1525643740630627,-0.002131122973546562,-0.3407829327064193,-1.2007640843201082,True
b3c8,b3,5C(67%)-4C-newstructure,828.0,827,0.88094097,False,False,False,True,1.0647362,0.003978199999999932,0.0022898000000000085,-3.3089511440911376e-06,0.015438134,0.01520093,33.05552416009523,35.5458971642776,10.044031666666706,5.0,67.0,4.0,4.804804804804805,-4.091803757442373,-1.5710723604574097,-1.9278836684244571,-0.0034103335564310555,-0.2150719887466127,-1.2791535075636502,True
b3c9,b3,5.3C(54%)-4C-newstructure,1039.0,1038,0.8801114,False,False,False,True,1.0694826,0.00388809999999995,0.002963000000000049,6.68053184916058e-07,0.015903223,0.015742281,33.08832983925303,35.6854391223452,10.041879999999946,5.3,54.0,4.0,4.7936687394007915,-3.982296953008088,-1.5290712116059078,-1.8392910734221652,-0.004967161023648803,-0.055848607998057416,-1.3472162794731597,True
b3c10,b3,4.8C(80%)-4.8C-newstructure,1078.0,1077,0.88064086,False,False,False,True,1.0617746,0.003226200000000068,0.0006163000000001251,-2.8759653679635088e-06,0.015551002,0.015318613,32.5348014795901,35.20887742320281,11.038979999999961,4.8,80.0,4.8,4.8,-4.4113559240265765,-1.7191252386508329,-2.079084830390947,-0.0031614437531222173,-0.24495648666708808,-1.1918753068944843,True
b3c11,b3,5.6C(19%)-4.6C-newstructure,817.0,816,0.88113368,False,False,False,True,1.0680679,0.0026927999999999397,0.0002318999999999516,-1.7682165739029632e-05,0.015608084,0.015485173,34.20373702283128,38.22832463770115,10.042211666666601,5.6,19.0,4.6,4.803729603729602,-3.884921164468091,-1.4674064416533914,-1.8062997536129268,-0.005870842094072293,-0.14019258288482342,-1.2656063363142076,True
b3c12,b3,5.6C(36%)-4.3C-newstructure,932.0,931,0.88080788,False,False,False,True,1.0741653,0.002777699999999994,0.0013689999999999536,-6.6794632034672655e-06,0.016139418,0.01599754,33.2205731520236,36.11585579982815,10.042584999999963,5.6,36.0,4.3,4.8015952143569285,-3.9467899768101886,-1.4984625676823458,-1.814886031312002,-0.006072419398149398,0.009007907579175765,-1.2833709230089108,True
b3c13,b3,5.6C(19%)-4.6C-newstructure,816.0,815,0.88024569,False,False,False,True,1.065558,0.004086699999999999,0.0017480000000000828,-1.2185193568341783e-05,0.015250437,0.01506449,34.11768528185422,37.80334001741199,10.041723333333357,5.6,19.0,4.6,4.803729603729602,-4.094466485311571,-1.5583663773653675,-1.9293903427897119,-0.0034193578679500014,-0.25826873554691854,-1.1979388802958746,True
b3c14,b3,5.6C(36%)-4.3C-newstructure,858.0,857,0.88065648,False,False,False,True,1.0727056,0.005038600000000004,0.0036863000000000312,4.6361076066727265e-06,0.015668793,0.015496999,33.11953606667905,36.101499457512425,10.041553333333287,5.6,36.0,4.3,4.8015952143569285,-3.999667694941731,-1.533393919034542,-1.8793090444151623,-0.0038364411934397324,-0.19204286282934238,-1.319836822474309,True
b3c15,b3,5.9C(15%)-4.6C-newstructure,876.0,875,0.88058048,False,False,False,True,1.0684187,0.002858699999999992,0.0009406999999999055,-1.156462213976474e-05,0.015417448,0.01525728,33.51055049283859,37.344582,10.04166833333317,5.9,15.0,4.6,4.798232044198895,-4.000684421929468,-1.530408515674226,-1.8748334000635414,-0.004274606506854406,-0.15382378764959145,-1.284265482521442,True
b3c16,b3,4.8C(80%)-4.8C-newstructure,1638.0,1637,0.88014877,False,False,False,True,1.061009,0.0033308999999999145,0.0015488999999999642,-9.691301175018761e-06,0.015453937,0.015253145,34.94134876933804,38.21816186151848,11.041133333333224,4.8,80.0,4.8,4.8,-4.694513499472995,-1.8712132821312482,-2.2738188659012195,-0.0029836860034497814,-0.0532719781846672,-0.8886326372546569,True
b3c17,b3,5.3C(54%)-4C-newstructure,1315.0,1314,0.88043362,False,False,False,True,1.0664514,0.002599599999999924,7.0999999999266095e-06,-5.833125541120238e-06,0.015524552,0.01535425,35.07228784758459,38.138309,10.041936666666636,5.3,54.0,4.0,4.7936687394007915,-4.439713079764758,-1.7475744000986955,-2.1404884281878855,-0.004417854075655647,0.016698005314836777,-0.8152410862997628,True
b3c18,b3,5.6C(19%)-4.6C-newstructure,1146.0,1145,0.88003904,False,False,False,True,1.0680237,0.0021301000000000236,-0.0010221999999999731,-2.927494124922568e-05,0.015098186,0.014978203,35.2914180269327,38.518787,10.04294000000009,5.6,19.0,4.6,4.803729603729602,-4.254052001185467,-1.6297503059145464,-1.9853846641934176,-0.005007944232827244,-0.22896170017700876,-1.057123400491205,True
b3c19,b3,5.6C(36%)-4.3C-newstructure,1155.0,1154,0.88007373,False,False,False,True,1.0719248,0.0019749000000000017,-0.0010694999999998345,-2.9691358070504438e-05,0.015555796,0.015178323,35.09835953689969,38.401493,10.043493333333268,5.6,36.0,4.3,4.8015952143569285,-4.171941874669042,-1.5969883629889903,-1.9375880193746162,-0.005521139983615475,-0.12087812859596615,-1.1118817229154592,True
b3c20,b3,5C(67%)-4C-newstructure,813.0,812,0.88059181,False,False,False,True,1.0650502,0.0030607000000000273,0.001389899999999944,-7.154074211500192e-06,0.015409848,0.015206913,33.10212248197412,36.232254,10.043496666666519,5.0,67.0,4.0,4.804804804804805,-4.066344693269561,-1.55172674423117,-1.9237462109054284,-0.0034843639831663165,-0.3395300474609153,-1.1828004673853028,True
b3c21,b3,3.7C(31%)-5.9C-newstructure,772.0,771,0.8801983,False,False,False,True,1.0678563,0.0008403999999999634,-0.014024700000000001,-0.0001594917019171322,0.013943589,0.01394002,34.900399416468076,38.317612,10.066555000000031,3.7,31.0,5.9,4.795167490389896,-3.704326685729231,-1.363751396832805,-1.6282174482159204,-0.018335863009741882,0.5061397443817519,-0.8460875667678063,True
b3c22,b3,5.9C(60%)-3.1C-newstructure,1002.0,1001,0.88094068,False,False,False,True,1.0562643,0.002844599999999975,0.000640299999999927,-1.5988764378483083e-05,0.015852775,0.015614755,34.61069656408486,37.97354076473168,10.04348333333328,5.9,60.0,3.1,4.813157894736842,-4.046822397094466,-1.5465390127724639,-1.8625651617897585,-0.005950153632917399,0.052922111558897915,-1.2689736256162132,True
b3c23,b3,4.8C(80%)-4.8C-newstructure,,2189,0.93701142,True,True,False,True,1.0661554,0.002912900000000107,0.0007672999999999153,-5.331878787886973e-06,0.015350789,0.015194215,34.929390162261846,38.5191,11.037744999999996,4.8,80.0,4.8,4.8,-4.5437899541111975,-1.8066438474340383,-2.1669384363032282,-0.00325599187966219,0.10136130870698594,-1.0378807155286025,False
b3c24,b3,5C(67%)-4C-newstructure,825.0,824,0.88021326,False,False,False,True,1.0462732,0.004855700000000018,0.003810800000000114,9.6505887445875e-06,0.015751192,0.01550305,34.68760501613314,37.871063,10.042218333333343,5.0,67.0,4.0,4.804804804804805,-4.155254994876533,-1.6060319403400782,-1.985249237193808,-0.0020109833210280037,-0.335748806400248,-1.2618522100043663,True
b3c25,b3,5.3C(54%)-4C-newstructure,989.0,988,0.88167018,False,False,False,True,1.0611302,0.004340299999999964,0.003236100000000075,6.950843537418871e-06,0.015752004,0.015591009,35.58186389191699,39.595110804534556,10.041338333333261,5.3,54.0,4.0,4.7936687394007915,-4.1465607447332715,-1.5755063124244277,-1.961545893215308,-0.003425931831857465,-0.36635097992559823,-1.0733345126462992,True
b3c26,b3,5.6C(19%)-4.6C-newstructure,1028.0,1027,0.88023561,False,False,False,True,1.0720186,0.0037909000000000415,0.0024163999999999852,-4.2884230055903015e-07,0.015693368,0.015538619,35.745916536891265,39.786995,10.041728333333351,5.6,19.0,4.6,4.803729603729602,-4.219507413901045,-1.6165591632709488,-1.9939794863681046,-0.004120246337095068,-0.34215547877014746,-1.060483006313052,True
b3c27,b3,5.6C(36%)-4.3C-newstructure,850.0,849,0.88002509,False,False,False,True,1.0604171,0.004035500000000081,0.002340299999999962,-4.0353704390864875e-06,0.015073455,0.014868693,35.30844806776433,38.98098,10.044893333333311,5.6,36.0,4.3,4.8015952143569285,-4.130132310934438,-1.575113615428363,-1.9702141433069023,-0.0028959248528788173,-0.361154541591066,-1.1141485878220696,True
b3c28,b3,3.7C(31%)-5.9C-newstructure,541.0,540,0.88010961,False,False,False,True,1.0518668,0.0008316999999999908,-0.01785750000000008,-0.00019802208534322756,0.013169404,0.013169404,35.69688828820833,39.85648636436463,10.059713333333397,3.7,31.0,5.9,4.795167490389896,-3.451657893017001,-1.2378383926134868,-1.519186777295027,-0.021674930024077055,0.2996423874831567,-0.980301345295727,True
b3c29,b3,5.9C(15%)-4.6C-newstructure,858.0,857,0.88007307,False,False,False,True,1.0663688,0.0048319999999999474,0.0032661000000000495,4.077620284472189e-06,0.014962286,0.014745088,31.262889334066085,31.999889,10.041884999999942,5.9,15.0,4.6,4.798232044198895,-4.0635761002012085,-1.5387795593022975,-1.946899452314245,-0.0026860280081242305,-0.34844886247658363,-1.1797578358031435,True
b3c30,b3,5.3C(54%)-4C-newstructure,935.0,934,0.88024825,False,False,False,True,1.0687393,0.0036004999999998955,0.002271499999999982,-3.416536796534243e-06,0.015732529,0.015509814,32.24311941023021,34.756857996430846,10.043756666666741,5.3,54.0,4.0,4.7936687394007915,-4.1002255467806545,-1.5728845665772753,-1.953209518320929,-0.0034418042766850565,-0.38731190597892623,-1.1369092977243451,True
b3c31,b3,5.9C(60%)-3.1C-newstructure,731.0,730,0.88031369,False,False,False,True,1.0681812,0.0034605000000000885,0.0016336999999999602,-8.999562152133179e-06,0.015983483,0.015812302,34.00003070157337,37.242977,10.047026666666836,5.9,60.0,3.1,4.813157894736842,-3.8396030254357147,-1.4483132816471656,-1.786467672163856,-0.00581206050397598,-0.12085281622375771,-1.2916363144954708,True
b3c32,b3,4.8C(80%)-4.8C-newstructure,,2237,0.97388279,True,True,False,True,1.0725862,0.0024730000000001695,0.0008046000000001552,-1.0736820037102396e-05,0.015545605,0.015263474,35.436174962805026,38.663817380662245,11.037991666666494,4.8,80.0,4.8,4.8,-4.67335277212347,-1.994759393526108,-2.4871954559804568,-0.0028059026822042643,1.0891741891569438,1.7929159989428873,False
b3c33,b3,5C(67%)-4C-newstructure,1284.0,1283,0.88079751,False,False,False,True,1.060272,0.00264439999999988,0.0006477999999998652,-1.2591045145338765e-05,0.015511206,0.015279103,33.10710984192206,34.695709,10.043493333333268,5.0,67.0,4.0,4.804804804804805,-4.395898333073689,-1.7014541887150514,-2.105203467905226,-0.0030397121931502458,-0.42003516917202466,-1.0089250725849934,True
b3c34,b3,5.3C(54%)-4C-newstructure,1158.0,1157,0.88017184,False,False,False,True,1.061535,0.0027430999999999983,1.430000000013365e-05,-2.115797278911987e-05,0.015438841,0.015220164,35.77943527518051,39.49040963165045,10.044100000000132,5.3,54.0,4.0,4.7936687394007915,-4.305659504591576,-1.6673617546311603,-2.019905433068519,-0.003900595493521619,-0.18408025905727293,-1.1558151157732175,True
b3c35,b3,5.6C(19%)-4.6C-newstructure,1093.0,1092,0.88011736,False,False,False,True,1.0633804,0.002049399999999979,-0.00014730000000007237,-1.953093877550817e-05,0.01549053,0.015308049,35.532941501822236,39.086731,10.042948333333333,5.6,19.0,4.6,4.803729603729602,-4.234858289724564,-1.6377423618849243,-2.0076044252403284,-0.0033997930400220255,-0.296336168436708,-1.1528187004497663,True
b3c36,b3,5.6C(36%)-4.3C-newstructure,923.0,922,0.88060242,False,False,False,True,1.0575287,0.003076099999999915,0.00023799999999996047,-2.197191960420188e-05,0.015267849,0.015083324,35.87907157748097,39.893036,10.0436500000001,5.6,36.0,4.3,4.8015952143569285,-4.253457920681209,-1.6386157036816351,-2.0039983334936293,-0.003765574047283282,-0.25112112979870066,-1.0968264561935657,True
b3c37,b3,4.8C(80%)-4.8C-newstructure,1390.0,1389,0.88049883,False,False,True,True,1.0465839,0.012100800000000023,0.0018122000000000416,-2.0516487322216555e-06,0.014924189,0.01243343,35.01461049108638,38.20889912669421,11.038494999999966,4.8,80.0,4.8,4.8,-5.098855849397497,-2.073666661884879,-2.967865854005514,0.0012798748698736873,1.132271414264619,3.4189791333081283,False
b3c38,b3,5C(67%)-4C-newstructure,1935.0,1934,0.88000458,False,False,False,True,1.0701473,0.0025093000000000476,0.0009221999999999841,-8.787589363021427e-06,0.015988033,0.015742945,34.745836319764145,38.268311,10.043610000000141,5.0,67.0,4.0,4.804804804804805,-4.342053043792284,-1.695789490226726,-2.060826155155733,-0.0037957789903024786,-0.05416471583968468,-1.176886769950342,True
b3c39,b3,5.3C(54%)-4C-newstructure,1156.0,1155,0.88043225,False,False,False,True,1.0474036,0.004107000000000083,0.0021002000000001075,-6.583238095233322e-06,0.015740704,0.015480768,33.887021839840784,36.491322,10.043956666666782,5.3,54.0,4.0,4.7936687394007915,-4.454635076566319,-1.758007558315108,-2.191894500525985,-0.001619909403289821,-0.29253860298053647,-1.0030134675199551,True
b3c40,b3,5.6C(19%)-4.6C-newstructure,796.0,795,0.88070726,False,False,False,True,1.0593235,0.004510000000000014,0.002433899999999989,-7.692147186143209e-06,0.015561919,0.015254971,34.05341123035083,38.358112,10.043659999999848,5.6,19.0,4.6,4.803729603729602,-4.29510827493732,-1.6565166769039124,-2.041968610115685,-0.0025038928768992275,-0.31543089345439485,-1.1385129053188652,True
b3c41,b3,5.6C(36%)-4.3C-newstructure,786.0,785,0.88062328,False,False,False,True,1.0505219,0.004361900000000141,0.0036312000000000566,9.732244897959292e-06,0.01854171,0.017006677,33.640262798950594,37.245838,10.043064999999963,5.6,36.0,4.3,4.8015952143569285,-4.2195093707566445,-1.6163103876714375,-2.0110822284940277,-0.003228926654322395,-0.3571335569959483,-1.0631301344503468,True
b3c42,b3,4.8C(80%)-4.8C-newstructure,1642.0,1641,0.88037544,False,False,True,True,1.0669198,0.0030687000000000353,0.0020447999999999578,1.8104885590570822e-06,0.016376682,0.015753616,33.03326599301577,37.087307,11.039078333333357,4.8,80.0,4.8,4.8,-4.346194685061839,-2.2510534698891034,-3.105396273389268,-0.00045312319087664754,1.9865716779366556,2.920243475376372,False
b3c43,b3,5C(67%)-4C-newstructure,1046.0,1045,0.88060749,False,False,True,True,1.0701852,0.0031487999999999516,0.0022332999999998826,3.041014223876659e-06,0.015843671,0.015550403,33.89526904792961,38.634735,10.043751666666504,5.0,67.0,4.0,4.804804804804805,-4.316748020025344,-1.8868458094603582,-2.485976248975472,-0.0013777787394715357,0.9693080270592707,0.8468128841852711,False
b3c44,b3,5.3C(54%)-4C-newstructure,940.0,939,0.88046378,False,False,False,True,1.06972,0.004184900000000047,0.003208399999999889,4.689736549163306e-06,0.015722955,0.01551657,33.35164903826186,36.881859,10.043518333333244,5.3,54.0,4.0,4.7936687394007915,-4.131495522376496,-1.5852750745744224,-1.9495792102050353,-0.0031351801775374444,-0.2446163658848557,-1.2383958928034315,True
b3c45,b3,4.8C(80%)-4.8C-newstructure,1801.0,1800,0.88047254,False,False,False,True,1.0695485,0.0025961999999999374,0.001576599999999928,-1.2584539269261775e-07,0.015742011,0.015557319,32.72596355233115,35.085537,11.037379999999878,4.8,80.0,4.8,4.8,-4.5208508005857535,-1.7830965362089448,-2.1468037392851236,-0.0026775918999450976,-0.3281430459783648,-1.1771286021323728,True
