cell_id,batch,policy,split,cycle_life,pred,APE_%
b1c9,b1,5.4C(40%)-3.6C,valid(B1 hold-out),1054.0,940.7935666626128,10.740648324230289
b1c18,b1,5.4C(70%)-3C,valid(B1 hold-out),691.0,631.28185457344,8.642278643496383
b1c19,b1,5.4C(70%)-3C,valid(B1 hold-out),788.0,608.5085025321941,22.778108815711402
b1c28,b1,6C(50%)-3C,valid(B1 hold-out),860.0,834.7657903830493,2.934210420575662
b1c29,b1,6C(50%)-3C,valid(B1 hold-out),917.0,803.3436356323809,12.394369069533157
b1c30,b1,6C(50%)-3.6C,valid(B1 hold-out),709.0,704.3314783207519,0.6584656811351343
b1c31,b1,6C(50%)-3.6C,valid(B1 hold-out),876.0,744.89511337495,14.96631125856735
b1c38,b1,7C(40%)-3.6C,valid(B1 hold-out),617.0,551.8265722512417,10.5629542542558
b1c39,b1,7C(40%)-3.6C,valid(B1 hold-out),625.0,591.269308273712,5.39691067620608
b2c0,b2,5.2C(58%)-4C,test(B2),477.0,638.5544571626119,33.8688589439438
b2c1,b2,5.6C(26%)-4.5C,test(B2),491.0,549.1530560873605,11.843799610460383
b2c2,b2,5.2C(50%)-4.25C,test(B2),424.0,545.635440410429,28.68760387038421
b2c3,b2,4.65C(44%)-5C,test(B2),499.0,650.7622932804355,30.41328522654019
b2c4,b2,4.65C(69%)-6C,test(B2),444.0,503.909592554241,13.493151476180405
b2c5,b2,3.6C(30%)-6C,test(B2),416.0,510.9078769189344,22.81439349012846
b2c6,b2,3.6C(9%)-5C,test(B2),393.0,589.0853403126931,49.894488629183996
b2c7,b2,4.8C(80%)-4.8C-newstructure,test(B2),777.0,907.5639531128431,16.80359756922048
b2c8,b2,5.2C(58%)-4C-newstructure,test(B2),904.0,995.5005478304959,10.121742016647772
b2c9,b2,5.6C(26%)-4.5C-newstructure,test(B2),791.0,1055.0000826014461,33.375484526099385
b2c10,b2,4.8C(80%)-4.8C,test(B2),492.0,603.289489698769,22.61981497942459
b2c11,b2,5.2C(50%)-4.25C,test(B2),449.0,624.3811721367933,39.06039468525464
b2c12,b2,4.65C(44%)-5C,test(B2),466.0,507.7535962531745,8.959999195960197
b2c13,b2,4.65C(69%)-6C,test(B2),460.0,597.3700038563464,29.863044316597055
b2c14,b2,3.6C(30%)-6C,test(B2),426.0,523.8838480379429,22.97742911688801
b2c15,b2,3.6C(9%)-5C,test(B2),396.0,599.2223395349649,51.31877260983963
b2c16,b2,4.8C(80%)-4.8C,test(B2),472.0,618.0688807428287,30.946796767548452
b2c17,b2,5.6C(26%)-4.5C,test(B2),471.0,604.7761979428311,28.40258979677943
b2c18,b2,5.2C(50%)-4.25C,test(B2),449.0,633.7625157442359,41.14978078936211
b2c19,b2,6C(60%)-3C,test(B2),392.0,526.7927847558211,34.3859144785258
b2c20,b2,5.2C(58%)-4C,test(B2),489.0,655.8517863575032,34.12101970501088
b2c21,b2,6C(60%)-3C,test(B2),408.0,561.3928685644192,37.59629131480864
b2c24,b2,4.8C(80%)-4.8C,test(B2),514.0,697.9051084432137,35.77920397727894
b2c25,b2,5.2C(58%)-4C,test(B2),493.0,619.1888931096128,25.59612436300462
b2c26,b2,5.6C(26%)-4.5C,test(B2),450.0,537.5097985553851,19.446621901196696
b2c27,b2,5.2C(50%)-4.25C,test(B2),474.0,619.0711982899462,30.60573803585363
b2c28,b2,4.8C(80%)-4.8C,test(B2),437.0,565.4732683884479,29.398917251361073
b2c29,b2,5.2C(58%)-4C,test(B2),452.0,623.9778917215082,38.04820613307703
b2c30,b2,5.6C(26%)-4.5C,test(B2),412.0,516.1198033935524,25.271796940182618
b2c31,b2,5.6C(26%)-4.5C,test(B2),425.0,591.8195695200197,39.25166341647524
b2c32,b2,4.8C(80%)-4.8C-newstructure,test(B2),809.0,1067.267493190709,31.924288404290362
b2c33,b2,5.2C(58%)-4C-newstructure,test(B2),1140.0,1116.4138884587198,2.0689571527438737
b2c34,b2,5.6C(26%)-4.5C-newstructure,test(B2),1186.0,1323.8220991880326,11.620750353122475
b2c41,b2,5.6C(26%)-4.5C,test(B2),442.0,551.123414350864,24.688555283000902
b2c42,b2,5.2C(50%)-4.25C,test(B2),474.0,626.3462109075617,32.14055082438011
b2c43,b2,4.8C(80%)-4.8C-newstructure,test(B2),1029.0,833.0802009466346,19.03982498089071
b2c44,b2,5.2C(58%)-4C-newstructure,test(B2),841.0,1164.0716889757748,38.41518299355229
b2c45,b2,5.6C(26%)-4.5C-newstructure,test(B2),997.0,1127.482276719405,13.087490142367605
b2c46,b2,4.8C(80%)-4.8C,test(B2),503.0,628.5003464362828,24.950367084748077
b3c0,b3,5C(67%)-4C-newstructure,test(B3),1009.0,1071.9903507299966,6.2428494281463465
b3c1,b3,5.3C(54%)-4C-newstructure,test(B3),1063.0,1109.2123620485024,4.34735296787417
b3c3,b3,5.6C(36%)-4.3C-newstructure,test(B3),1115.0,968.4825875544121,13.140575107227612
b3c4,b3,5.6C(19%)-4.6C-newstructure,test(B3),1048.0,996.0019582573199,4.961645204454211
b3c5,b3,5.6C(36%)-4.3C-newstructure,test(B3),828.0,878.3458844252855,6.08042082430984
b3c6,b3,3.7C(31%)-5.9C-newstructure,test(B3),667.0,691.2992566717983,3.643066967286098
b3c7,b3,4.8C(80%)-4.8C-newstructure,test(B3),1836.0,1195.7089126186004,34.874242232102375
b3c8,b3,5C(67%)-4C-newstructure,test(B3),828.0,906.0934048511052,9.43157063419145
b3c9,b3,5.3C(54%)-4C-newstructure,test(B3),1039.0,803.4285696457192,22.672899937851856
b3c10,b3,4.8C(80%)-4.8C-newstructure,test(B3),1078.0,1184.093379801916,9.841686438025597
b3c11,b3,5.6C(19%)-4.6C-newstructure,test(B3),817.0,792.4716054834466,3.002251470814365
b3c12,b3,5.6C(36%)-4.3C-newstructure,test(B3),932.0,827.5686811224745,11.20507713278171
b3c13,b3,5.6C(19%)-4.6C-newstructure,test(B3),816.0,959.489835990833,17.584538724366784
b3c14,b3,5.6C(36%)-4.3C-newstructure,test(B3),858.0,823.6352592497221,4.005214539659424
b3c15,b3,5.9C(15%)-4.6C-newstructure,test(B3),876.0,837.09161377128,4.441596601452057
b3c16,b3,4.8C(80%)-4.8C-newstructure,test(B3),1638.0,1382.2116041889012,15.615897180164762
b3c17,b3,5.3C(54%)-4C-newstructure,test(B3),1315.0,1147.1055055453958,12.767642163848231
b3c18,b3,5.6C(19%)-4.6C-newstructure,test(B3),1146.0,1114.48911709715,2.7496407419589852
b3c19,b3,5.6C(36%)-4.3C-newstructure,test(B3),1155.0,1020.8061366844452,11.618516304377042
b3c20,b3,5C(67%)-4C-newstructure,test(B3),813.0,913.9663187405536,12.418981394902037
b3c21,b3,3.7C(31%)-5.9C-newstructure,test(B3),772.0,770.8577278545118,0.14796271314613524
b3c22,b3,5.9C(60%)-3.1C-newstructure,test(B3),1002.0,893.0855075232939,10.869709828014578
b3c24,b3,5C(67%)-4C-newstructure,test(B3),825.0,930.2551825100434,12.758203940611319
b3c25,b3,5.3C(54%)-4C-newstructure,test(B3),989.0,1030.906066407819,4.237216016968557
b3c26,b3,5.6C(19%)-4.6C-newstructure,test(B3),1028.0,1067.2813511850247,3.821143111383729
b3c27,b3,5.6C(36%)-4.3C-newstructure,test(B3),850.0,986.0248126988756,16.00291914104419
b3c28,b3,3.7C(31%)-5.9C-newstructure,test(B3),541.0,653.4482653591215,20.78526161906127
b3c29,b3,5.9C(15%)-4.6C-newstructure,test(B3),858.0,952.2955755171639,10.99016031668577
b3c30,b3,5.3C(54%)-4C-newstructure,test(B3),935.0,920.6422845078251,1.5355845446176324
b3c31,b3,5.9C(60%)-3.1C-newstructure,test(B3),731.0,756.700426898301,3.5157902733653863
b3c33,b3,5C(67%)-4C-newstructure,test(B3),1284.0,1217.4582651473047,5.182378103792469
b3c34,b3,5.3C(54%)-4C-newstructure,test(B3),1158.0,1098.7786698717075,5.1141045015796625
b3c35,b3,5.6C(19%)-4.6C-newstructure,test(B3),1093.0,1020.1528874219307,6.664877637517777
b3c36,b3,5.6C(36%)-4.3C-newstructure,test(B3),923.0,1069.8327163757035,15.908203290975461
b3c38,b3,5C(67%)-4C-newstructure,test(B3),1935.0,1081.4237594289805,44.11246721297258
b3c39,b3,5.3C(54%)-4C-newstructure,test(B3),1156.0,1134.100736530868,1.8943999540771572
b3c40,b3,5.6C(19%)-4.6C-newstructure,test(B3),796.0,1108.8666886782048,39.304860386709144
b3c41,b3,5.6C(36%)-4.3C-newstructure,test(B3),786.0,1065.0208331129645,35.4988337293848
b3c44,b3,5.3C(54%)-4C-newstructure,test(B3),940.0,951.9258000990272,1.2687021381943875
b3c45,b3,4.8C(80%)-4.8C-newstructure,test(B3),1801.0,1229.9477387238264,31.707510342930238
